"RC-EDUCATION CATEGORIES","STATE US ABBREVIATION","Total %","Total % SE","Total % CI (lower)","Total % CI (upper)","Row %","Row % SE","Row % CI (lower)","Row % CI (upper)","Column %","Column % SE","Column % CI (lower)","Column % CI (upper)","Weighted Count","Count","Count SE"
"Overall","Overall","1","0","N/A","N/A","1","0","N/A","N/A","1","0","N/A","N/A","282732000","N/A","2772000"
"1 - Less high school","Overall","0.086","0.0019","0.083","0.09","1","0","N/A","N/A","0.086","0.0019","0.083","0.09","24422000","N/A","598000"
"2 - High school grad","Overall","0.245","0.0028","0.24","0.251","1","0","N/A","N/A","0.245","0.0028","0.24","0.251","69310000","N/A","1054000"
"3 - Some coll/Assoc Dg","Overall","0.274","0.0026","0.269","0.279","1","0","N/A","N/A","0.274","0.0026","0.269","0.279","77403000","N/A","1076000"
"4 - College graduate","Overall","0.303","0.0034","0.297","0.31","1","0","N/A","N/A","0.303","0.0034","0.297","0.31","85777000","N/A","1212000"
"5 - 12 to 17 year olds","Overall","0.091","0.0011","0.089","0.094","1","0","N/A","N/A","0.091","0.0011","0.089","0.094","25820000","N/A","406000"
"Overall","AK","0.002","0.0002","0.002","0.002","0.002","0.0002","0.002","0.002","1","0","N/A","N/A","587000","N/A","47000"
"1 - Less high school","AK","0","0","0","0","0.002","0.0002","0.001","0.002","0.07","0.0088","0.055","0.09","41000","N/A","6000"
"2 - High school grad","AK","0.001","0.0001","0","0.001","0.002","0.0003","0.002","0.003","0.273","0.0188","0.237","0.311","160000","N/A","18000"
"3 - Some coll/Assoc Dg","AK","0.001","0.0001","0","0.001","0.002","0.0002","0.002","0.003","0.296","0.0217","0.255","0.34","174000","N/A","18000"
"4 - College graduate","AK","0.001","0.0001","0","0.001","0.002","0.0002","0.001","0.002","0.261","0.0183","0.227","0.299","153000","N/A","16000"
"5 - 12 to 17 year olds","AK","0","0","0","0","0.002","0.0002","0.002","0.003","0.1","0.0074","0.087","0.116","59000","N/A","6000"
"Overall","AL","0.015","0.0008","0.014","0.017","0.015","0.0008","0.014","0.017","1","0","N/A","N/A","4288000","N/A","223000"
"1 - Less high school","AL","0.002","0.0002","0.001","0.002","0.018","0.002","0.015","0.022","0.103","0.0097","0.085","0.123","440000","N/A","47000"
"2 - High school grad","AL","0.004","0.0003","0.004","0.005","0.018","0.0013","0.015","0.021","0.288","0.0167","0.257","0.322","1237000","N/A","92000"
"3 - Some coll/Assoc Dg","AL","0.004","0.0003","0.004","0.005","0.016","0.0011","0.014","0.018","0.281","0.0145","0.254","0.31","1206000","N/A","84000"
"4 - College graduate","AL","0.004","0.0003","0.003","0.004","0.012","0.0011","0.01","0.014","0.235","0.0157","0.206","0.268","1010000","N/A","93000"
"5 - 12 to 17 year olds","AL","0.001","0.0001","0.001","0.002","0.015","0.0013","0.013","0.018","0.092","0.0068","0.08","0.106","395000","N/A","34000"
"Overall","AR","0.009","0.0005","0.008","0.01","0.009","0.0005","0.008","0.01","1","0","N/A","N/A","2553000","N/A","151000"
"1 - Less high school","AR","0.001","0.0001","0.001","0.001","0.01","0.0017","0.007","0.014","0.097","0.0154","0.07","0.131","247000","N/A","42000"
"2 - High school grad","AR","0.003","0.0003","0.002","0.003","0.012","0.0011","0.01","0.014","0.313","0.0232","0.269","0.36","799000","N/A","74000"
"3 - Some coll/Assoc Dg","AR","0.003","0.0002","0.002","0.003","0.009","0.0008","0.008","0.011","0.281","0.0186","0.246","0.319","717000","N/A","60000"
"4 - College graduate","AR","0.002","0.0003","0.001","0.003","0.006","0.0009","0.005","0.008","0.212","0.0242","0.168","0.263","541000","N/A","76000"
"5 - 12 to 17 year olds","AR","0.001","0.0001","0.001","0.001","0.01","0.0009","0.008","0.012","0.097","0.0094","0.08","0.117","248000","N/A","24000"
"Overall","AZ","0.022","0.0016","0.019","0.026","0.022","0.0016","0.019","0.026","1","0","N/A","N/A","6286000","N/A","461000"
"1 - Less high school","AZ","0.002","0.0003","0.001","0.003","0.022","0.0039","0.016","0.031","0.086","0.0141","0.062","0.118","543000","N/A","97000"
"2 - High school grad","AZ","0.005","0.0006","0.004","0.006","0.02","0.0025","0.016","0.026","0.225","0.0213","0.186","0.27","1415000","N/A","171000"
"3 - Some coll/Assoc Dg","AZ","0.007","0.0006","0.006","0.008","0.026","0.0023","0.021","0.03","0.315","0.02","0.277","0.355","1978000","N/A","181000"
"4 - College graduate","AZ","0.006","0.0008","0.005","0.008","0.021","0.0025","0.016","0.026","0.282","0.0257","0.235","0.335","1776000","N/A","221000"
"5 - 12 to 17 year olds","AZ","0.002","0.0002","0.002","0.002","0.022","0.0021","0.018","0.027","0.091","0.0075","0.077","0.107","574000","N/A","56000"
"Overall","CA","0.117","0.004","0.11","0.125","0.117","0.004","0.11","0.125","1","0","N/A","N/A","33130000","N/A","1234000"
"1 - Less high school","CA","0.013","0.001","0.011","0.015","0.149","0.0105","0.129","0.171","0.11","0.0082","0.095","0.127","3635000","N/A","283000"
"2 - High school grad","CA","0.023","0.0013","0.02","0.025","0.093","0.005","0.083","0.103","0.194","0.0088","0.178","0.212","6439000","N/A","377000"
"3 - Some coll/Assoc Dg","CA","0.033","0.0017","0.03","0.036","0.121","0.0057","0.11","0.132","0.282","0.0102","0.262","0.303","9344000","N/A","489000"
"4 - College graduate","CA","0.038","0.0021","0.034","0.042","0.124","0.0064","0.112","0.137","0.322","0.013","0.297","0.348","10664000","N/A","604000"
"5 - 12 to 17 year olds","CA","0.011","0.0007","0.01","0.012","0.118","0.007","0.105","0.133","0.092","0.0047","0.083","0.102","3047000","N/A","200000"
"Overall","CO","0.018","0.0011","0.016","0.02","0.018","0.0011","0.016","0.02","1","0","N/A","N/A","4993000","N/A","315000"
"1 - Less high school","CO","0.001","0.0001","0.001","0.001","0.013","0.0017","0.01","0.017","0.064","0.0079","0.05","0.081","318000","N/A","42000"
"2 - High school grad","CO","0.003","0.0003","0.003","0.004","0.014","0.0013","0.012","0.017","0.197","0.0141","0.171","0.226","983000","N/A","92000"
"3 - Some coll/Assoc Dg","CO","0.005","0.0005","0.004","0.006","0.017","0.0016","0.014","0.021","0.265","0.0203","0.227","0.307","1324000","N/A","129000"
"4 - College graduate","CO","0.007","0.0006","0.006","0.008","0.023","0.0018","0.019","0.026","0.387","0.0201","0.348","0.427","1932000","N/A","158000"
"5 - 12 to 17 year olds","CO","0.002","0.0002","0.001","0.002","0.017","0.0021","0.013","0.022","0.088","0.0083","0.073","0.105","437000","N/A","55000"
"Overall","CT","0.011","0.0006","0.01","0.012","0.011","0.0006","0.01","0.012","1","0","N/A","N/A","3123000","N/A","182000"
"1 - Less high school","CT","0.001","0.0001","0.001","0.001","0.01","0.0017","0.007","0.014","0.078","0.0123","0.057","0.106","243000","N/A","42000"
"2 - High school grad","CT","0.003","0.0003","0.002","0.003","0.011","0.0011","0.009","0.013","0.237","0.0181","0.204","0.275","741000","N/A","80000"
"3 - Some coll/Assoc Dg","CT","0.003","0.0002","0.002","0.003","0.01","0.0008","0.008","0.011","0.237","0.0164","0.206","0.271","741000","N/A","65000"
"4 - College graduate","CT","0.004","0.0003","0.003","0.005","0.013","0.001","0.011","0.015","0.362","0.0235","0.317","0.409","1130000","N/A","89000"
"5 - 12 to 17 year olds","CT","0.001","0.0001","0.001","0.001","0.01","0.0009","0.009","0.012","0.086","0.0059","0.075","0.098","268000","N/A","23000"
"Overall","DC","0.002","0.0001","0.002","0.002","0.002","0.0001","0.002","0.002","1","0","N/A","N/A","577000","N/A","36000"
"1 - Less high school","DC","0","0","0","0","0.001","0.0002","0.001","0.002","0.053","0.0083","0.039","0.072","31000","N/A","5000"
"2 - High school grad","DC","0","0","0","0","0.001","0.0001","0.001","0.001","0.133","0.0164","0.104","0.169","77000","N/A","10000"
"3 - Some coll/Assoc Dg","DC","0","0","0","0","0.001","0.0001","0.001","0.002","0.175","0.0172","0.143","0.211","101000","N/A","11000"
"4 - College graduate","DC","0.001","0.0001","0.001","0.001","0.004","0.0003","0.003","0.005","0.577","0.026","0.526","0.627","333000","N/A","28000"
"5 - 12 to 17 year olds","DC","0","0","0","0","0.001","0.0002","0.001","0.002","0.061","0.0067","0.049","0.076","35000","N/A","4000"
"Overall","DE","0.003","0.0002","0.003","0.004","0.003","0.0002","0.003","0.004","1","0","N/A","N/A","877000","N/A","61000"
"1 - Less high school","DE","0","0","0","0","0.002","0.0005","0.002","0.004","0.069","0.0111","0.05","0.094","60000","N/A","11000"
"2 - High school grad","DE","0.001","0.0001","0.001","0.001","0.003","0.0004","0.003","0.004","0.269","0.0176","0.236","0.305","236000","N/A","25000"
"3 - Some coll/Assoc Dg","DE","0.001","0.0001","0.001","0.001","0.003","0.0003","0.003","0.004","0.269","0.0156","0.24","0.301","236000","N/A","20000"
"4 - College graduate","DE","0.001","0.0001","0.001","0.001","0.003","0.0003","0.003","0.004","0.308","0.0243","0.263","0.358","270000","N/A","27000"
"5 - 12 to 17 year olds","DE","0","0","0","0","0.003","0.0003","0.002","0.004","0.085","0.0075","0.071","0.101","75000","N/A","8000"
"Overall","FL","0.068","0.003","0.063","0.075","0.068","0.003","0.063","0.075","1","0","N/A","N/A","19317000","N/A","896000"
"1 - Less high school","FL","0.006","0.0005","0.005","0.007","0.072","0.006","0.061","0.085","0.091","0.0067","0.079","0.105","1756000","N/A","152000"
"2 - High school grad","FL","0.017","0.0011","0.015","0.02","0.07","0.0045","0.062","0.08","0.251","0.0113","0.23","0.274","4856000","N/A","332000"
"3 - Some coll/Assoc Dg","FL","0.019","0.0012","0.017","0.022","0.071","0.0042","0.063","0.079","0.283","0.0111","0.262","0.306","5471000","N/A","340000"
"4 - College graduate","FL","0.02","0.0012","0.018","0.023","0.066","0.0039","0.059","0.075","0.295","0.0131","0.27","0.321","5699000","N/A","347000"
"5 - 12 to 17 year olds","FL","0.005","0.0003","0.005","0.006","0.059","0.0037","0.053","0.067","0.079","0.0038","0.072","0.087","1535000","N/A","97000"
"Overall","GA","0.032","0.002","0.029","0.037","0.032","0.002","0.029","0.037","1","0","N/A","N/A","9173000","N/A","577000"
"1 - Less high school","GA","0.003","0.0004","0.002","0.004","0.035","0.005","0.027","0.047","0.094","0.0112","0.075","0.119","866000","N/A","126000"
"2 - High school grad","GA","0.008","0.0009","0.007","0.01","0.034","0.0035","0.027","0.041","0.254","0.0179","0.221","0.291","2333000","N/A","249000"
"3 - Some coll/Assoc Dg","GA","0.009","0.0007","0.007","0.01","0.031","0.0026","0.026","0.037","0.263","0.0147","0.236","0.293","2417000","N/A","208000"
"4 - College graduate","GA","0.009","0.0008","0.008","0.011","0.031","0.0025","0.026","0.036","0.288","0.0219","0.247","0.333","2643000","N/A","220000"
"5 - 12 to 17 year olds","GA","0.003","0.0003","0.003","0.004","0.035","0.0027","0.03","0.041","0.1","0.0065","0.088","0.113","915000","N/A","71000"
"Overall","HI","0.004","0.0003","0.004","0.005","0.004","0.0003","0.004","0.005","1","0","N/A","N/A","1189000","N/A","82000"
"1 - Less high school","HI","0","0.0001","0","0","0.003","0.0006","0.002","0.005","0.068","0.0124","0.048","0.097","81000","N/A","15000"
"2 - High school grad","HI","0.001","0.0001","0.001","0.001","0.004","0.0004","0.004","0.005","0.257","0.0173","0.224","0.292","306000","N/A","31000"
"3 - Some coll/Assoc Dg","HI","0.001","0.0001","0.001","0.001","0.004","0.0004","0.004","0.005","0.285","0.0198","0.248","0.326","339000","N/A","33000"
"4 - College graduate","HI","0.001","0.0001","0.001","0.002","0.004","0.0005","0.003","0.005","0.308","0.0234","0.264","0.356","366000","N/A","40000"
"5 - 12 to 17 year olds","HI","0","0","0","0","0.004","0.0004","0.003","0.005","0.082","0.0084","0.066","0.1","97000","N/A","11000"
"Overall","IA","0.01","0.0006","0.008","0.011","0.01","0.0006","0.008","0.011","1","0","N/A","N/A","2693000","N/A","162000"
"1 - Less high school","IA","0.001","0.0001","0","0.001","0.006","0.0013","0.004","0.009","0.057","0.0106","0.039","0.082","153000","N/A","31000"
"2 - High school grad","IA","0.003","0.0002","0.002","0.003","0.011","0.0009","0.009","0.013","0.274","0.0187","0.239","0.313","739000","N/A","65000"
"3 - Some coll/Assoc Dg","IA","0.003","0.0003","0.002","0.004","0.011","0.001","0.009","0.013","0.311","0.0212","0.27","0.354","836000","N/A","76000"
"4 - College graduate","IA","0.002","0.0003","0.002","0.003","0.008","0.0009","0.007","0.01","0.262","0.0224","0.221","0.308","706000","N/A","75000"
"5 - 12 to 17 year olds","IA","0.001","0.0001","0.001","0.001","0.01","0.001","0.008","0.012","0.096","0.0079","0.082","0.113","258000","N/A","27000"
"Overall","ID","0.006","0.0004","0.005","0.007","0.006","0.0004","0.005","0.007","1","0","N/A","N/A","1633000","N/A","111000"
"1 - Less high school","ID","0","0.0001","0","0.001","0.005","0.0008","0.004","0.007","0.075","0.0103","0.057","0.098","122000","N/A","19000"
"2 - High school grad","ID","0.001","0.0002","0.001","0.002","0.006","0.0007","0.005","0.007","0.242","0.0177","0.209","0.278","395000","N/A","45000"
"3 - Some coll/Assoc Dg","ID","0.002","0.0001","0.002","0.002","0.007","0.0005","0.006","0.008","0.32","0.017","0.288","0.354","523000","N/A","42000"
"4 - College graduate","ID","0.001","0.0001","0.001","0.002","0.005","0.0004","0.004","0.006","0.259","0.0176","0.226","0.295","423000","N/A","34000"
"5 - 12 to 17 year olds","ID","0.001","0.0001","0","0.001","0.007","0.001","0.005","0.009","0.104","0.0123","0.082","0.131","170000","N/A","25000"
"Overall","IL","0.038","0.0019","0.034","0.042","0.038","0.0019","0.034","0.042","1","0","N/A","N/A","10679000","N/A","547000"
"1 - Less high school","IL","0.003","0.0004","0.002","0.004","0.035","0.0041","0.027","0.044","0.079","0.0081","0.065","0.097","845000","N/A","102000"
"2 - High school grad","IL","0.009","0.0007","0.007","0.01","0.036","0.0029","0.03","0.042","0.232","0.0126","0.208","0.258","2479000","N/A","208000"
"3 - Some coll/Assoc Dg","IL","0.01","0.0006","0.009","0.012","0.038","0.0023","0.033","0.042","0.273","0.0108","0.252","0.295","2913000","N/A","182000"
"4 - College graduate","IL","0.012","0.0007","0.011","0.014","0.04","0.0024","0.036","0.045","0.324","0.015","0.295","0.354","3457000","N/A","205000"
"5 - 12 to 17 year olds","IL","0.003","0.0003","0.003","0.004","0.038","0.003","0.033","0.044","0.092","0.0054","0.082","0.103","985000","N/A","78000"
"Overall","IN","0.02","0.0015","0.018","0.024","0.02","0.0015","0.018","0.024","1","0","N/A","N/A","5738000","N/A","435000"
"1 - Less high school","IN","0.002","0.0003","0.001","0.002","0.02","0.003","0.015","0.027","0.087","0.0096","0.069","0.107","497000","N/A","74000"
"2 - High school grad","IN","0.006","0.0007","0.005","0.008","0.025","0.0028","0.02","0.031","0.297","0.0203","0.259","0.339","1707000","N/A","200000"
"3 - Some coll/Assoc Dg","IN","0.006","0.0005","0.005","0.007","0.02","0.0018","0.017","0.024","0.273","0.0174","0.24","0.309","1567000","N/A","138000"
"4 - College graduate","IN","0.005","0.0005","0.004","0.006","0.016","0.0018","0.013","0.02","0.246","0.0237","0.202","0.295","1409000","N/A","151000"
"5 - 12 to 17 year olds","IN","0.002","0.0002","0.002","0.002","0.022","0.0024","0.017","0.027","0.097","0.0075","0.084","0.113","559000","N/A","61000"
"Overall","KS","0.009","0.0007","0.007","0.01","0.009","0.0007","0.007","0.01","1","0","N/A","N/A","2434000","N/A","207000"
"1 - Less high school","KS","0.001","0.0001","0","0.001","0.007","0.0015","0.004","0.011","0.07","0.0121","0.049","0.098","170000","N/A","38000"
"2 - High school grad","KS","0.002","0.0002","0.002","0.003","0.008","0.001","0.007","0.01","0.234","0.019","0.198","0.273","569000","N/A","67000"
"3 - Some coll/Assoc Dg","KS","0.003","0.0003","0.002","0.003","0.009","0.0011","0.007","0.012","0.3","0.0221","0.259","0.345","731000","N/A","88000"
"4 - College graduate","KS","0.003","0.0003","0.002","0.003","0.008","0.0009","0.007","0.01","0.295","0.0276","0.244","0.352","718000","N/A","80000"
"5 - 12 to 17 year olds","KS","0.001","0.0001","0.001","0.001","0.01","0.0011","0.008","0.012","0.101","0.0106","0.083","0.124","247000","N/A","30000"
"Overall","KY","0.013","0.0007","0.012","0.015","0.013","0.0007","0.012","0.015","1","0","N/A","N/A","3780000","N/A","200000"
"1 - Less high school","KY","0.001","0.0002","0.001","0.002","0.016","0.0022","0.012","0.021","0.101","0.0128","0.079","0.129","383000","N/A","53000"
"2 - High school grad","KY","0.004","0.0003","0.003","0.005","0.016","0.0012","0.014","0.019","0.302","0.019","0.266","0.34","1140000","N/A","84000"
"3 - Some coll/Assoc Dg","KY","0.004","0.0003","0.003","0.004","0.013","0.0011","0.011","0.016","0.269","0.0163","0.238","0.302","1017000","N/A","89000"
"4 - College graduate","KY","0.003","0.0003","0.003","0.004","0.01","0.0009","0.009","0.012","0.234","0.0156","0.205","0.266","886000","N/A","79000"
"5 - 12 to 17 year olds","KY","0.001","0.0001","0.001","0.001","0.014","0.0011","0.012","0.016","0.094","0.006","0.083","0.106","354000","N/A","27000"
"Overall","LA","0.013","0.0007","0.012","0.015","0.013","0.0007","0.012","0.015","1","0","N/A","N/A","3797000","N/A","208000"
"1 - Less high school","LA","0.002","0.0002","0.001","0.002","0.018","0.0025","0.013","0.023","0.114","0.0136","0.09","0.143","432000","N/A","61000"
"2 - High school grad","LA","0.004","0.0004","0.003","0.005","0.016","0.0016","0.014","0.02","0.299","0.0208","0.26","0.342","1136000","N/A","113000"
"3 - Some coll/Assoc Dg","LA","0.004","0.0002","0.003","0.004","0.013","0.0009","0.011","0.015","0.265","0.0189","0.23","0.304","1008000","N/A","68000"
"4 - College graduate","LA","0.003","0.0003","0.002","0.004","0.01","0.0011","0.008","0.012","0.224","0.0211","0.185","0.268","851000","N/A","93000"
"5 - 12 to 17 year olds","LA","0.001","0.0001","0.001","0.002","0.014","0.0012","0.012","0.017","0.097","0.0063","0.086","0.111","370000","N/A","31000"
"Overall","MA","0.021","0.0015","0.019","0.025","0.021","0.0015","0.019","0.025","1","0","N/A","N/A","6074000","N/A","436000"
"1 - Less high school","MA","0.002","0.0003","0.001","0.002","0.019","0.0039","0.012","0.028","0.074","0.0146","0.05","0.109","452000","N/A","97000"
"2 - High school grad","MA","0.005","0.0006","0.004","0.006","0.019","0.0026","0.015","0.025","0.218","0.0226","0.177","0.266","1326000","N/A","180000"
"3 - Some coll/Assoc Dg","MA","0.005","0.0005","0.004","0.006","0.018","0.0018","0.015","0.022","0.226","0.0165","0.196","0.26","1375000","N/A","142000"
"4 - College graduate","MA","0.009","0.0007","0.007","0.01","0.028","0.0024","0.024","0.034","0.402","0.027","0.35","0.456","2442000","N/A","207000"
"5 - 12 to 17 year olds","MA","0.002","0.0002","0.001","0.002","0.019","0.0026","0.014","0.025","0.079","0.0091","0.063","0.099","480000","N/A","69000"
"Overall","MD","0.018","0.0013","0.016","0.021","0.018","0.0013","0.016","0.021","1","0","N/A","N/A","5208000","N/A","376000"
"1 - Less high school","MD","0.001","0.0003","0.001","0.002","0.015","0.0031","0.01","0.023","0.071","0.0127","0.05","0.1","369000","N/A","78000"
"2 - High school grad","MD","0.004","0.0004","0.003","0.005","0.017","0.0015","0.014","0.02","0.222","0.0153","0.193","0.253","1156000","N/A","107000"
"3 - Some coll/Assoc Dg","MD","0.004","0.0005","0.004","0.005","0.016","0.0017","0.013","0.02","0.242","0.0194","0.206","0.282","1262000","N/A","135000"
"4 - College graduate","MD","0.007","0.0007","0.006","0.008","0.023","0.0022","0.019","0.028","0.373","0.0252","0.325","0.424","1944000","N/A","197000"
"5 - 12 to 17 year olds","MD","0.002","0.0001","0.001","0.002","0.018","0.0015","0.016","0.022","0.092","0.0064","0.08","0.105","477000","N/A","39000"
"Overall","ME","0.004","0.0004","0.004","0.005","0.004","0.0004","0.004","0.005","1","0","N/A","N/A","1217000","N/A","110000"
"1 - Less high school","ME","0","0.0001","0","0","0.003","0.0006","0.002","0.004","0.053","0.0103","0.036","0.078","65000","N/A","15000"
"2 - High school grad","ME","0.001","0.0001","0.001","0.001","0.005","0.0005","0.004","0.006","0.281","0.0175","0.248","0.316","342000","N/A","35000"
"3 - Some coll/Assoc Dg","ME","0.001","0.0001","0.001","0.001","0.004","0.0005","0.003","0.005","0.277","0.0165","0.246","0.311","337000","N/A","39000"
"4 - College graduate","ME","0.001","0.0001","0.001","0.002","0.004","0.0005","0.004","0.005","0.314","0.0184","0.279","0.351","382000","N/A","38000"
"5 - 12 to 17 year olds","ME","0","0","0","0","0.004","0.0004","0.003","0.004","0.075","0.005","0.065","0.085","91000","N/A","10000"
"Overall","MI","0.03","0.0013","0.028","0.033","0.03","0.0013","0.028","0.033","1","0","N/A","N/A","8581000","N/A","377000"
"1 - Less high school","MI","0.002","0.0002","0.002","0.003","0.026","0.0028","0.021","0.033","0.075","0.0068","0.063","0.09","644000","N/A","69000"
"2 - High school grad","MI","0.008","0.0006","0.007","0.009","0.033","0.0024","0.028","0.038","0.266","0.0123","0.243","0.291","2284000","N/A","173000"
"3 - Some coll/Assoc Dg","MI","0.009","0.0005","0.008","0.01","0.033","0.0018","0.03","0.037","0.302","0.0114","0.28","0.325","2590000","N/A","144000"
"4 - College graduate","MI","0.008","0.0004","0.007","0.009","0.027","0.0014","0.024","0.03","0.269","0.013","0.244","0.295","2308000","N/A","116000"
"5 - 12 to 17 year olds","MI","0.003","0.0002","0.002","0.003","0.029","0.0022","0.025","0.034","0.088","0.0053","0.078","0.099","756000","N/A","57000"
"Overall","MN","0.017","0.0013","0.015","0.02","0.017","0.0013","0.015","0.02","1","0","N/A","N/A","4833000","N/A","362000"
"1 - Less high school","MN","0.001","0.0002","0.001","0.001","0.011","0.0023","0.007","0.016","0.054","0.0112","0.036","0.081","263000","N/A","57000"
"2 - High school grad","MN","0.004","0.0005","0.003","0.005","0.015","0.002","0.012","0.02","0.217","0.0219","0.177","0.263","1050000","N/A","138000"
"3 - Some coll/Assoc Dg","MN","0.005","0.0005","0.004","0.006","0.019","0.0019","0.015","0.023","0.301","0.0172","0.268","0.335","1452000","N/A","149000"
"4 - College graduate","MN","0.006","0.0005","0.005","0.007","0.019","0.0017","0.016","0.022","0.333","0.0228","0.29","0.379","1609000","N/A","147000"
"5 - 12 to 17 year olds","MN","0.002","0.0002","0.001","0.002","0.018","0.0019","0.014","0.022","0.095","0.0081","0.08","0.112","459000","N/A","50000"
"Overall","MO","0.018","0.0013","0.016","0.021","0.018","0.0013","0.016","0.021","1","0","N/A","N/A","5211000","N/A","385000"
"1 - Less high school","MO","0.001","0.0003","0.001","0.002","0.016","0.0031","0.011","0.024","0.076","0.0116","0.056","0.102","395000","N/A","77000"
"2 - High school grad","MO","0.005","0.0006","0.004","0.006","0.021","0.0024","0.017","0.026","0.277","0.0207","0.238","0.32","1444000","N/A","166000"
"3 - Some coll/Assoc Dg","MO","0.005","0.0005","0.004","0.006","0.019","0.0019","0.016","0.023","0.283","0.0187","0.247","0.321","1473000","N/A","149000"
"4 - College graduate","MO","0.005","0.0004","0.004","0.006","0.017","0.0014","0.014","0.019","0.272","0.0217","0.231","0.316","1416000","N/A","117000"
"5 - 12 to 17 year olds","MO","0.002","0.0002","0.001","0.002","0.019","0.0019","0.015","0.023","0.093","0.0072","0.08","0.108","484000","N/A","51000"
"Overall","MS","0.009","0.0006","0.008","0.01","0.009","0.0006","0.008","0.01","1","0","N/A","N/A","2444000","N/A","157000"
"1 - Less high school","MS","0.001","0.0001","0.001","0.001","0.012","0.0017","0.009","0.015","0.116","0.0142","0.091","0.147","283000","N/A","41000"
"2 - High school grad","MS","0.002","0.0002","0.002","0.003","0.01","0.0007","0.008","0.011","0.275","0.0189","0.24","0.314","672000","N/A","49000"
"3 - Some coll/Assoc Dg","MS","0.003","0.0003","0.002","0.003","0.01","0.0009","0.008","0.012","0.304","0.0197","0.267","0.344","743000","N/A","72000"
"4 - College graduate","MS","0.002","0.0002","0.001","0.002","0.006","0.0006","0.005","0.007","0.204","0.0157","0.175","0.237","499000","N/A","54000"
"5 - 12 to 17 year olds","MS","0.001","0.0001","0.001","0.001","0.01","0.0011","0.008","0.012","0.101","0.0092","0.084","0.121","247000","N/A","29000"
"Overall","MT","0.003","0.0003","0.003","0.004","0.003","0.0003","0.003","0.004","1","0","N/A","N/A","961000","N/A","80000"
"1 - Less high school","MT","0","0","0","0","0.002","0.0004","0.001","0.003","0.055","0.01","0.039","0.079","53000","N/A","11000"
"2 - High school grad","MT","0.001","0.0001","0.001","0.001","0.004","0.0005","0.003","0.005","0.259","0.0272","0.21","0.316","249000","N/A","37000"
"3 - Some coll/Assoc Dg","MT","0.001","0.0001","0.001","0.001","0.004","0.0004","0.003","0.005","0.298","0.0209","0.259","0.34","286000","N/A","29000"
"4 - College graduate","MT","0.001","0.0001","0.001","0.001","0.003","0.0003","0.003","0.004","0.3","0.0206","0.261","0.342","289000","N/A","27000"
"5 - 12 to 17 year olds","MT","0","0","0","0","0.003","0.0004","0.003","0.004","0.087","0.0064","0.075","0.1","84000","N/A","10000"
"Overall","NC","0.032","0.002","0.028","0.036","0.032","0.002","0.028","0.036","1","0","N/A","N/A","9074000","N/A","578000"
"1 - Less high school","NC","0.003","0.0004","0.002","0.004","0.032","0.0049","0.023","0.043","0.086","0.0112","0.066","0.11","777000","N/A","123000"
"2 - High school grad","NC","0.008","0.0009","0.006","0.009","0.031","0.0035","0.025","0.039","0.236","0.0189","0.201","0.275","2143000","N/A","246000"
"3 - Some coll/Assoc Dg","NC","0.009","0.0008","0.008","0.011","0.033","0.0028","0.028","0.039","0.284","0.0184","0.249","0.322","2578000","N/A","222000"
"4 - College graduate","NC","0.01","0.0009","0.008","0.012","0.032","0.0029","0.027","0.038","0.303","0.0245","0.257","0.353","2750000","N/A","251000"
"5 - 12 to 17 year olds","NC","0.003","0.0003","0.002","0.004","0.032","0.0031","0.026","0.039","0.091","0.0071","0.078","0.106","825000","N/A","81000"
"Overall","ND","0.002","0.0002","0.002","0.003","0.002","0.0002","0.002","0.003","1","0","N/A","N/A","641000","N/A","59000"
"1 - Less high school","ND","0","0","0","0","0.001","0.0004","0.001","0.002","0.055","0.0118","0.036","0.083","35000","N/A","9000"
"2 - High school grad","ND","0.001","0.0001","0","0.001","0.002","0.0002","0.002","0.003","0.233","0.0211","0.194","0.277","150000","N/A","17000"
"3 - Some coll/Assoc Dg","ND","0.001","0.0001","0.001","0.001","0.003","0.0003","0.002","0.004","0.35","0.0243","0.304","0.399","224000","N/A","27000"
"4 - College graduate","ND","0.001","0.0001","0","0.001","0.002","0.0002","0.002","0.003","0.268","0.0241","0.224","0.318","172000","N/A","21000"
"5 - 12 to 17 year olds","ND","0","0","0","0","0.002","0.0004","0.002","0.003","0.094","0.0114","0.074","0.119","60000","N/A","10000"
"Overall","NE","0.006","0.0004","0.005","0.007","0.006","0.0004","0.005","0.007","1","0","N/A","N/A","1635000","N/A","102000"
"1 - Less high school","NE","0","0.0001","0","0.001","0.004","0.001","0.003","0.007","0.062","0.0134","0.041","0.094","102000","N/A","24000"
"2 - High school grad","NE","0.001","0.0001","0.001","0.002","0.005","0.0005","0.004","0.007","0.23","0.0166","0.199","0.265","376000","N/A","37000"
"3 - Some coll/Assoc Dg","NE","0.002","0.0001","0.002","0.002","0.007","0.0005","0.006","0.008","0.311","0.0155","0.282","0.343","509000","N/A","40000"
"4 - College graduate","NE","0.002","0.0002","0.001","0.002","0.006","0.0005","0.005","0.007","0.294","0.0216","0.253","0.338","480000","N/A","44000"
"5 - 12 to 17 year olds","NE","0.001","0.0001","0","0.001","0.006","0.0007","0.005","0.008","0.102","0.0095","0.085","0.122","167000","N/A","19000"
"Overall","NH","0.004","0.0003","0.004","0.005","0.004","0.0003","0.004","0.005","1","0","N/A","N/A","1225000","N/A","74000"
"1 - Less high school","NH","0","0","0","0","0.003","0.0005","0.002","0.004","0.053","0.0095","0.037","0.075","65000","N/A","12000"
"2 - High school grad","NH","0.001","0.0001","0.001","0.001","0.005","0.0005","0.004","0.006","0.256","0.0208","0.217","0.299","314000","N/A","35000"
"3 - Some coll/Assoc Dg","NH","0.001","0.0001","0.001","0.001","0.004","0.0003","0.004","0.005","0.264","0.016","0.234","0.297","324000","N/A","25000"
"4 - College graduate","NH","0.002","0.0001","0.001","0.002","0.005","0.0004","0.004","0.006","0.351","0.0187","0.315","0.388","430000","N/A","34000"
"5 - 12 to 17 year olds","NH","0","0","0","0","0.004","0.0004","0.003","0.004","0.076","0.0066","0.064","0.09","93000","N/A","9000"
"Overall","NJ","0.028","0.0013","0.026","0.031","0.028","0.0013","0.026","0.031","1","0","N/A","N/A","7902000","N/A","366000"
"1 - Less high school","NJ","0.002","0.0004","0.001","0.003","0.023","0.0043","0.016","0.033","0.072","0.0126","0.051","0.101","573000","N/A","105000"
"2 - High school grad","NJ","0.006","0.0005","0.006","0.008","0.026","0.0022","0.022","0.031","0.232","0.0156","0.203","0.264","1832000","N/A","153000"
"3 - Some coll/Assoc Dg","NJ","0.006","0.0004","0.005","0.007","0.023","0.0016","0.02","0.026","0.225","0.0133","0.2","0.252","1777000","N/A","124000"
"4 - College graduate","NJ","0.011","0.0007","0.009","0.012","0.035","0.0024","0.031","0.04","0.381","0.0204","0.342","0.422","3009000","N/A","210000"
"5 - 12 to 17 year olds","NJ","0.003","0.0002","0.002","0.003","0.028","0.0026","0.023","0.033","0.09","0.007","0.077","0.105","711000","N/A","67000"
"Overall","NM","0.006","0.0004","0.006","0.007","0.006","0.0004","0.006","0.007","1","0","N/A","N/A","1794000","N/A","109000"
"1 - Less high school","NM","0.001","0.0001","0","0.001","0.007","0.001","0.005","0.009","0.097","0.0109","0.077","0.12","174000","N/A","24000"
"2 - High school grad","NM","0.002","0.0001","0.001","0.002","0.006","0.0006","0.005","0.008","0.245","0.0183","0.211","0.283","439000","N/A","40000"
"3 - Some coll/Assoc Dg","NM","0.002","0.0002","0.002","0.002","0.007","0.0006","0.006","0.008","0.295","0.0184","0.26","0.332","528000","N/A","49000"
"4 - College graduate","NM","0.002","0.0001","0.001","0.002","0.006","0.0005","0.005","0.007","0.269","0.0176","0.236","0.305","483000","N/A","42000"
"5 - 12 to 17 year olds","NM","0.001","0.0001","0","0.001","0.007","0.0007","0.005","0.008","0.094","0.0088","0.078","0.113","169000","N/A","19000"
"Overall","NV","0.01","0.0006","0.008","0.011","0.01","0.0006","0.008","0.011","1","0","N/A","N/A","2709000","N/A","176000"
"1 - Less high school","NV","0.001","0.0001","0.001","0.001","0.011","0.0013","0.008","0.014","0.097","0.0112","0.077","0.122","264000","N/A","32000"
"2 - High school grad","NV","0.003","0.0002","0.002","0.003","0.01","0.001","0.009","0.012","0.266","0.0177","0.233","0.303","722000","N/A","67000"
"3 - Some coll/Assoc Dg","NV","0.003","0.0003","0.002","0.004","0.011","0.001","0.009","0.013","0.303","0.0185","0.267","0.34","820000","N/A","81000"
"4 - College graduate","NV","0.002","0.0002","0.002","0.003","0.008","0.0008","0.006","0.009","0.243","0.021","0.204","0.287","659000","N/A","69000"
"5 - 12 to 17 year olds","NV","0.001","0.0001","0.001","0.001","0.01","0.0009","0.008","0.012","0.091","0.0072","0.077","0.106","246000","N/A","24000"
"Overall","NY","0.06","0.0027","0.055","0.065","0.06","0.0027","0.055","0.065","1","0","N/A","N/A","16838000","N/A","783000"
"1 - Less high school","NY","0.006","0.0005","0.005","0.007","0.065","0.0062","0.054","0.078","0.095","0.008","0.08","0.112","1592000","N/A","157000"
"2 - High school grad","NY","0.014","0.0009","0.012","0.015","0.055","0.0037","0.049","0.063","0.228","0.011","0.207","0.25","3837000","N/A","260000"
"3 - Some coll/Assoc Dg","NY","0.014","0.0009","0.013","0.016","0.052","0.0032","0.046","0.059","0.241","0.0093","0.223","0.259","4052000","N/A","252000"
"4 - College graduate","NY","0.021","0.0012","0.019","0.024","0.07","0.004","0.062","0.078","0.355","0.014","0.328","0.383","5984000","N/A","356000"
"5 - 12 to 17 year olds","NY","0.005","0.0003","0.004","0.006","0.053","0.0034","0.047","0.06","0.082","0.0041","0.074","0.09","1373000","N/A","89000"
"Overall","OH","0.035","0.0016","0.032","0.038","0.035","0.0016","0.032","0.038","1","0","N/A","N/A","9952000","N/A","445000"
"1 - Less high school","OH","0.003","0.0003","0.002","0.003","0.031","0.0037","0.024","0.039","0.075","0.0083","0.061","0.093","750000","N/A","93000"
"2 - High school grad","OH","0.011","0.0007","0.009","0.012","0.043","0.0027","0.038","0.049","0.301","0.0133","0.275","0.328","2994000","N/A","189000"
"3 - Some coll/Assoc Dg","OH","0.009","0.0007","0.008","0.011","0.034","0.0024","0.03","0.039","0.267","0.0139","0.24","0.295","2653000","N/A","188000"
"4 - College graduate","OH","0.009","0.0006","0.008","0.011","0.031","0.002","0.027","0.035","0.266","0.0142","0.239","0.295","2646000","N/A","172000"
"5 - 12 to 17 year olds","OH","0.003","0.0002","0.003","0.004","0.035","0.0025","0.031","0.04","0.091","0.0053","0.081","0.102","909000","N/A","65000"
"Overall","OK","0.012","0.0008","0.01","0.013","0.012","0.0008","0.01","0.013","1","0","N/A","N/A","3334000","N/A","220000"
"1 - Less high school","OK","0.001","0.0001","0.001","0.001","0.013","0.0017","0.01","0.017","0.098","0.0117","0.078","0.124","328000","N/A","42000"
"2 - High school grad","OK","0.003","0.0003","0.003","0.004","0.014","0.0013","0.011","0.017","0.287","0.017","0.255","0.321","956000","N/A","94000"
"3 - Some coll/Assoc Dg","OK","0.003","0.0003","0.003","0.004","0.012","0.0011","0.01","0.014","0.279","0.0154","0.25","0.311","931000","N/A","87000"
"4 - College graduate","OK","0.003","0.0003","0.002","0.003","0.009","0.001","0.007","0.011","0.234","0.0217","0.194","0.28","781000","N/A","84000"
"5 - 12 to 17 year olds","OK","0.001","0.0001","0.001","0.001","0.013","0.0012","0.011","0.016","0.101","0.0087","0.085","0.12","337000","N/A","31000"
"Overall","OR","0.013","0.0006","0.012","0.014","0.013","0.0006","0.012","0.014","1","0","N/A","N/A","3668000","N/A","178000"
"1 - Less high school","OR","0.001","0.0001","0.001","0.001","0.011","0.0017","0.008","0.015","0.07","0.0114","0.051","0.096","257000","N/A","42000"
"2 - High school grad","OR","0.003","0.0003","0.002","0.003","0.011","0.0012","0.009","0.014","0.216","0.0195","0.18","0.257","793000","N/A","86000"
"3 - Some coll/Assoc Dg","OR","0.004","0.0003","0.003","0.005","0.015","0.0012","0.013","0.017","0.314","0.0185","0.279","0.351","1151000","N/A","91000"
"4 - College graduate","OR","0.004","0.0004","0.003","0.005","0.014","0.0012","0.011","0.016","0.317","0.0257","0.269","0.37","1164000","N/A","104000"
"5 - 12 to 17 year olds","OR","0.001","0.0001","0.001","0.001","0.012","0.0012","0.01","0.014","0.083","0.0077","0.069","0.099","303000","N/A","32000"
"Overall","PA","0.039","0.0018","0.036","0.043","0.039","0.0018","0.036","0.043","1","0","N/A","N/A","11105000","N/A","505000"
"1 - Less high school","PA","0.003","0.0003","0.002","0.003","0.032","0.0035","0.026","0.04","0.071","0.0071","0.058","0.086","787000","N/A","88000"
"2 - High school grad","PA","0.012","0.0008","0.011","0.014","0.049","0.0031","0.043","0.055","0.305","0.0155","0.275","0.336","3382000","N/A","219000"
"3 - Some coll/Assoc Dg","PA","0.009","0.0007","0.008","0.011","0.034","0.0024","0.03","0.039","0.239","0.0121","0.216","0.263","2651000","N/A","187000"
"4 - College graduate","PA","0.012","0.0008","0.01","0.014","0.039","0.0027","0.034","0.045","0.302","0.0164","0.27","0.335","3350000","N/A","233000"
"5 - 12 to 17 year olds","PA","0.003","0.0002","0.003","0.004","0.036","0.0027","0.031","0.042","0.084","0.0044","0.076","0.093","935000","N/A","70000"
"Overall","RI","0.003","0.0002","0.003","0.004","0.003","0.0002","0.003","0.004","1","0","N/A","N/A","949000","N/A","58000"
"1 - Less high school","RI","0","0","0","0","0.003","0.0005","0.002","0.004","0.083","0.0123","0.062","0.111","79000","N/A","13000"
"2 - High school grad","RI","0.001","0.0001","0.001","0.001","0.003","0.0003","0.003","0.004","0.255","0.0197","0.218","0.296","242000","N/A","23000"
"3 - Some coll/Assoc Dg","RI","0.001","0.0001","0.001","0.001","0.003","0.0004","0.002","0.004","0.251","0.0243","0.207","0.302","238000","N/A","29000"
"4 - College graduate","RI","0.001","0.0001","0.001","0.001","0.004","0.0004","0.003","0.005","0.334","0.0313","0.276","0.398","317000","N/A","33000"
"5 - 12 to 17 year olds","RI","0","0","0","0","0.003","0.0003","0.002","0.003","0.076","0.0061","0.065","0.089","73000","N/A","7000"
"Overall","SC","0.016","0.0012","0.014","0.019","0.016","0.0012","0.014","0.019","1","0","N/A","N/A","4514000","N/A","343000"
"1 - Less high school","SC","0.001","0.0002","0.001","0.002","0.016","0.0028","0.012","0.023","0.088","0.0139","0.064","0.119","397000","N/A","69000"
"2 - High school grad","SC","0.004","0.0005","0.003","0.005","0.017","0.0019","0.014","0.021","0.263","0.0216","0.223","0.308","1189000","N/A","133000"
"3 - Some coll/Assoc Dg","SC","0.005","0.0004","0.004","0.006","0.017","0.0016","0.014","0.02","0.287","0.0185","0.253","0.325","1297000","N/A","125000"
"4 - College graduate","SC","0.004","0.0005","0.003","0.005","0.014","0.0017","0.011","0.018","0.272","0.0228","0.229","0.318","1226000","N/A","144000"
"5 - 12 to 17 year olds","SC","0.001","0.0002","0.001","0.002","0.016","0.0022","0.012","0.021","0.09","0.0113","0.07","0.115","406000","N/A","59000"
"Overall","SD","0.003","0.0002","0.002","0.003","0.003","0.0002","0.002","0.003","1","0","N/A","N/A","751000","N/A","47000"
"1 - Less high school","SD","0","0","0","0","0.002","0.0003","0.001","0.003","0.064","0.0106","0.046","0.088","48000","N/A","8000"
"2 - High school grad","SD","0.001","0.0001","0.001","0.001","0.003","0.0003","0.002","0.004","0.263","0.0221","0.222","0.308","197000","N/A","21000"
"3 - Some coll/Assoc Dg","SD","0.001","0.0001","0.001","0.001","0.003","0.0003","0.002","0.004","0.308","0.0234","0.264","0.356","231000","N/A","24000"
"4 - College graduate","SD","0.001","0.0001","0.001","0.001","0.002","0.0002","0.002","0.003","0.265","0.0189","0.23","0.304","199000","N/A","17000"
"5 - 12 to 17 year olds","SD","0","0","0","0","0.003","0.0004","0.002","0.004","0.101","0.0099","0.083","0.122","76000","N/A","10000"
"Overall","TN","0.021","0.001","0.019","0.023","0.021","0.001","0.019","0.023","1","0","N/A","N/A","5988000","N/A","285000"
"1 - Less high school","TN","0.002","0.0003","0.001","0.003","0.021","0.0038","0.015","0.03","0.088","0.0157","0.061","0.124","524000","N/A","95000"
"2 - High school grad","TN","0.006","0.0005","0.005","0.007","0.025","0.002","0.022","0.029","0.292","0.0158","0.262","0.324","1746000","N/A","138000"
"3 - Some coll/Assoc Dg","TN","0.006","0.0004","0.005","0.007","0.021","0.0015","0.018","0.024","0.267","0.0139","0.241","0.295","1600000","N/A","114000"
"4 - College graduate","TN","0.006","0.0005","0.005","0.007","0.018","0.0016","0.015","0.022","0.263","0.0195","0.226","0.303","1572000","N/A","139000"
"5 - 12 to 17 year olds","TN","0.002","0.0001","0.002","0.002","0.021","0.0015","0.018","0.024","0.091","0.0065","0.079","0.105","546000","N/A","39000"
"Overall","TX","0.088","0.0033","0.082","0.095","0.088","0.0033","0.082","0.095","1","0","N/A","N/A","24946000","N/A","988000"
"1 - Less high school","TX","0.009","0.0008","0.008","0.011","0.109","0.0083","0.094","0.126","0.107","0.0077","0.092","0.123","2660000","N/A","223000"
"2 - High school grad","TX","0.021","0.0012","0.019","0.023","0.084","0.0046","0.076","0.094","0.234","0.0093","0.217","0.253","5849000","N/A","339000"
"3 - Some coll/Assoc Dg","TX","0.024","0.0012","0.022","0.027","0.088","0.0043","0.08","0.097","0.273","0.0085","0.256","0.29","6807000","N/A","357000"
"4 - College graduate","TX","0.025","0.0014","0.022","0.028","0.081","0.0045","0.073","0.091","0.28","0.0132","0.255","0.307","6986000","N/A","407000"
"5 - 12 to 17 year olds","TX","0.009","0.0005","0.008","0.01","0.102","0.0056","0.092","0.114","0.106","0.0048","0.097","0.116","2645000","N/A","156000"
"Overall","UT","0.01","0.0005","0.009","0.011","0.01","0.0005","0.009","0.011","1","0","N/A","N/A","2783000","N/A","151000"
"1 - Less high school","UT","0.001","0.0001","0","0.001","0.007","0.0012","0.005","0.009","0.059","0.0096","0.043","0.081","165000","N/A","28000"
"2 - High school grad","UT","0.002","0.0002","0.002","0.002","0.009","0.0007","0.007","0.01","0.212","0.012","0.19","0.237","591000","N/A","50000"
"3 - Some coll/Assoc Dg","UT","0.003","0.0002","0.003","0.004","0.011","0.0009","0.01","0.013","0.316","0.0173","0.283","0.351","879000","N/A","69000"
"4 - College graduate","UT","0.003","0.0002","0.002","0.003","0.009","0.0007","0.008","0.011","0.291","0.0156","0.262","0.323","811000","N/A","58000"
"5 - 12 to 17 year olds","UT","0.001","0.0001","0.001","0.001","0.013","0.0011","0.011","0.015","0.121","0.0078","0.107","0.137","337000","N/A","27000"
"Overall","VA","0.026","0.0012","0.024","0.028","0.026","0.0012","0.024","0.028","1","0","N/A","N/A","7290000","N/A","338000"
"1 - Less high school","VA","0.002","0.0003","0.001","0.002","0.021","0.0029","0.016","0.028","0.072","0.0091","0.056","0.092","523000","N/A","71000"
"2 - High school grad","VA","0.006","0.0005","0.005","0.007","0.024","0.002","0.021","0.029","0.23","0.0169","0.199","0.265","1680000","N/A","140000"
"3 - Some coll/Assoc Dg","VA","0.007","0.0004","0.006","0.007","0.024","0.0015","0.021","0.027","0.253","0.013","0.228","0.279","1842000","N/A","119000"
"4 - College graduate","VA","0.009","0.0007","0.008","0.011","0.03","0.0022","0.026","0.035","0.355","0.0191","0.318","0.393","2588000","N/A","193000"
"5 - 12 to 17 year olds","VA","0.002","0.0002","0.002","0.003","0.025","0.002","0.022","0.03","0.09","0.0051","0.081","0.101","657000","N/A","53000"
"Overall","VT","0.002","0.0001","0.002","0.002","0.002","0.0001","0.002","0.002","1","0","N/A","N/A","570000","N/A","38000"
"1 - Less high school","VT","0","0","0","0","0.001","0.0002","0.001","0.002","0.053","0.0088","0.038","0.073","30000","N/A","6000"
"2 - High school grad","VT","0.001","0.0001","0","0.001","0.002","0.0002","0.002","0.003","0.251","0.0192","0.215","0.29","143000","N/A","16000"
"3 - Some coll/Assoc Dg","VT","0","0.0001","0","0.001","0.002","0.0002","0.001","0.002","0.246","0.0168","0.214","0.28","140000","N/A","14000"
"4 - College graduate","VT","0.001","0.0001","0.001","0.001","0.003","0.0002","0.002","0.003","0.377","0.019","0.34","0.415","215000","N/A","14000"
"5 - 12 to 17 year olds","VT","0","0","0","0","0.002","0.0001","0.001","0.002","0.074","0.0058","0.064","0.087","42000","N/A","4000"
"Overall","WA","0.023","0.0012","0.021","0.026","0.023","0.0012","0.021","0.026","1","0","N/A","N/A","6628000","N/A","334000"
"1 - Less high school","WA","0.002","0.0002","0.001","0.002","0.018","0.0026","0.013","0.024","0.066","0.0088","0.05","0.085","435000","N/A","63000"
"2 - High school grad","WA","0.005","0.0005","0.004","0.006","0.02","0.002","0.017","0.024","0.211","0.0188","0.177","0.251","1401000","N/A","137000"
"3 - Some coll/Assoc Dg","WA","0.007","0.0005","0.006","0.008","0.025","0.0018","0.022","0.029","0.297","0.0148","0.269","0.327","1972000","N/A","143000"
"4 - College graduate","WA","0.008","0.0007","0.007","0.009","0.026","0.0023","0.022","0.031","0.339","0.022","0.297","0.383","2244000","N/A","197000"
"5 - 12 to 17 year olds","WA","0.002","0.0002","0.002","0.002","0.022","0.0018","0.019","0.026","0.087","0.0071","0.074","0.102","575000","N/A","46000"
"Overall","WI","0.018","0.0011","0.016","0.02","0.018","0.0011","0.016","0.02","1","0","N/A","N/A","5052000","N/A","297000"
"1 - Less high school","WI","0.001","0.0001","0.001","0.001","0.012","0.0016","0.009","0.015","0.057","0.0065","0.046","0.072","289000","N/A","38000"
"2 - High school grad","WI","0.005","0.0005","0.004","0.006","0.02","0.002","0.017","0.025","0.277","0.021","0.238","0.32","1400000","N/A","140000"
"3 - Some coll/Assoc Dg","WI","0.005","0.0005","0.004","0.006","0.019","0.0018","0.016","0.023","0.295","0.0171","0.262","0.329","1489000","N/A","142000"
"4 - College graduate","WI","0.005","0.0004","0.004","0.006","0.017","0.0013","0.014","0.019","0.281","0.0217","0.24","0.325","1420000","N/A","114000"
"5 - 12 to 17 year olds","WI","0.002","0.0001","0.001","0.002","0.018","0.0015","0.015","0.021","0.09","0.0064","0.078","0.103","454000","N/A","38000"
"Overall","WV","0.005","0.0004","0.005","0.006","0.005","0.0004","0.005","0.006","1","0","N/A","N/A","1518000","N/A","122000"
"1 - Less high school","WV","0.001","0.0001","0","0.001","0.006","0.001","0.004","0.009","0.1","0.0152","0.074","0.134","151000","N/A","25000"
"2 - High school grad","WV","0.002","0.0002","0.002","0.002","0.008","0.0008","0.006","0.01","0.358","0.0277","0.305","0.414","543000","N/A","55000"
"3 - Some coll/Assoc Dg","WV","0.001","0.0002","0.001","0.002","0.005","0.0006","0.004","0.006","0.252","0.0188","0.216","0.29","382000","N/A","48000"
"4 - College graduate","WV","0.001","0.0002","0.001","0.001","0.004","0.0005","0.003","0.005","0.207","0.0233","0.165","0.257","315000","N/A","45000"
"5 - 12 to 17 year olds","WV","0","0","0","0.001","0.005","0.0005","0.004","0.006","0.084","0.0071","0.071","0.099","127000","N/A","14000"
"Overall","WY","0.002","0.0001","0.001","0.002","0.002","0.0001","0.001","0.002","1","0","N/A","N/A","492000","N/A","38000"
"1 - Less high school","WY","0","0","0","0","0.001","0.0002","0.001","0.002","0.061","0.0102","0.044","0.084","30000","N/A","6000"
"2 - High school grad","WY","0","0.0001","0","0.001","0.002","0.0002","0.001","0.002","0.25","0.0231","0.207","0.298","123000","N/A","14000"
"3 - Some coll/Assoc Dg","WY","0.001","0.0001","0","0.001","0.002","0.0002","0.002","0.003","0.346","0.0225","0.303","0.391","170000","N/A","18000"
"4 - College graduate","WY","0","0","0","0.001","0.001","0.0002","0.001","0.002","0.246","0.0214","0.207","0.291","121000","N/A","14000"
"5 - 12 to 17 year olds","WY","0","0","0","0","0.002","0.0002","0.002","0.002","0.097","0.0096","0.08","0.118","48000","N/A","5000"